{
  "controller/View1-dbg.controller.js": 1706743738176,
  "controller/View1.controller.js": 1706743738176,
  "model/models.js": 1706743738188,
  "controller/uploadPage.controller.js": 1706796201392,
  "manifest.json": 1706798676816,
  "controller/ProgressData.controller.js": 1706797907541,
  "controller/Inprogress.controller.js": 1706743738176,
  "controller/Exceldata.controller.js": 1706743738172,
  "controller/App.controller.js": 1706743738172,
  "Component.js": 1706743738172,
  "Component-preload.js": 1706798677106,
  "controller/App-dbg.controller.js": 1706743738172,
  "controller/uploadPage-dbg.controller.js": 1706796201392,
  "i18n/i18n.properties": 1706743738184,
  "controller/ProgressData-dbg.controller.js": 1706797907541,
  "controller/Inprogress-dbg.controller.js": 1706743738176,
  "controller/Exceldata-dbg.controller.js": 1706743738172,
  "model/models-dbg.js": 1706743738188,
  "Component-dbg.js": 1706743738172,
  "view/uploadPage.view.xml": 1706743738200,
  "view/View1.view.xml": 1706743738196,
  "view/ProgressData.view.xml": 1706743738196,
  "view/Inprogress.view.xml": 1706743738196,
  "view/Exceldata.view.xml": 1706743738192,
  "view/App.view.xml": 1706743738192,
  "css/style.css": 1706743738184,
  "css/chobani.png": 1706743738180,
  "index.html": 1706743738184
}